,Name1,Type 1,Type 2,Number,Speed,Special Def,Special Atk,Defense,Attack,HP,Weight,Base Experience,Ability One,Ability Two,Back Sprite,Back Shiny,Front Sprite,Front Shiny
0,bulbasaur,poison,grass,1,45,65,65,49,49,45,69,64,chlorophyll,overgrow,https://raw.githubusercontent.com/PokeAPI/sprites/master/sprites/pokemon/back/1.png,https://raw.githubusercontent.com/PokeAPI/sprites/master/sprites/pokemon/back/shiny/1.png,https://raw.githubusercontent.com/PokeAPI/sprites/master/sprites/pokemon/1.png,https://raw.githubusercontent.com/PokeAPI/sprites/master/sprites/pokemon/shiny/1.png
1,ivysaur,poison,grass,2,60,80,80,63,62,60,130,142,chlorophyll,overgrow,https://raw.githubusercontent.com/PokeAPI/sprites/master/sprites/pokemon/back/2.png,https://raw.githubusercontent.com/PokeAPI/sprites/master/sprites/pokemon/back/shiny/2.png,https://raw.githubusercontent.com/PokeAPI/sprites/master/sprites/pokemon/2.png,https://raw.githubusercontent.com/PokeAPI/sprites/master/sprites/pokemon/shiny/2.png
2,venusaur,poison,grass,3,80,100,100,83,82,80,1000,236,chlorophyll,overgrow,https://raw.githubusercontent.com/PokeAPI/sprites/master/sprites/pokemon/back/3.png,https://raw.githubusercontent.com/PokeAPI/sprites/master/sprites/pokemon/back/shiny/3.png,https://raw.githubusercontent.com/PokeAPI/sprites/master/sprites/pokemon/3.png,https://raw.githubusercontent.com/PokeAPI/sprites/master/sprites/pokemon/shiny/3.png
3,charmander,fire,No Second Type,4,65,50,60,43,52,39,85,62,solar-power,blaze,https://raw.githubusercontent.com/PokeAPI/sprites/master/sprites/pokemon/back/4.png,https://raw.githubusercontent.com/PokeAPI/sprites/master/sprites/pokemon/back/shiny/4.png,https://raw.githubusercontent.com/PokeAPI/sprites/master/sprites/pokemon/4.png,https://raw.githubusercontent.com/PokeAPI/sprites/master/sprites/pokemon/shiny/4.png
4,charmeleon,fire,No Second Type,5,80,65,80,58,64,58,190,142,solar-power,blaze,https://raw.githubusercontent.com/PokeAPI/sprites/master/sprites/pokemon/back/5.png,https://raw.githubusercontent.com/PokeAPI/sprites/master/sprites/pokemon/back/shiny/5.png,https://raw.githubusercontent.com/PokeAPI/sprites/master/sprites/pokemon/5.png,https://raw.githubusercontent.com/PokeAPI/sprites/master/sprites/pokemon/shiny/5.png
5,charizard,flying,fire,6,100,85,109,78,84,78,905,240,solar-power,blaze,https://raw.githubusercontent.com/PokeAPI/sprites/master/sprites/pokemon/back/6.png,https://raw.githubusercontent.com/PokeAPI/sprites/master/sprites/pokemon/back/shiny/6.png,https://raw.githubusercontent.com/PokeAPI/sprites/master/sprites/pokemon/6.png,https://raw.githubusercontent.com/PokeAPI/sprites/master/sprites/pokemon/shiny/6.png
6,squirtle,water,No Second Type,7,43,64,50,65,48,44,90,63,rain-dish,torrent,https://raw.githubusercontent.com/PokeAPI/sprites/master/sprites/pokemon/back/7.png,https://raw.githubusercontent.com/PokeAPI/sprites/master/sprites/pokemon/back/shiny/7.png,https://raw.githubusercontent.com/PokeAPI/sprites/master/sprites/pokemon/7.png,https://raw.githubusercontent.com/PokeAPI/sprites/master/sprites/pokemon/shiny/7.png
7,wartortle,water,No Second Type,8,58,80,65,80,63,59,225,142,rain-dish,torrent,https://raw.githubusercontent.com/PokeAPI/sprites/master/sprites/pokemon/back/8.png,https://raw.githubusercontent.com/PokeAPI/sprites/master/sprites/pokemon/back/shiny/8.png,https://raw.githubusercontent.com/PokeAPI/sprites/master/sprites/pokemon/8.png,https://raw.githubusercontent.com/PokeAPI/sprites/master/sprites/pokemon/shiny/8.png
8,blastoise,water,No Second Type,9,78,105,85,100,83,79,855,239,rain-dish,torrent,https://raw.githubusercontent.com/PokeAPI/sprites/master/sprites/pokemon/back/9.png,https://raw.githubusercontent.com/PokeAPI/sprites/master/sprites/pokemon/back/shiny/9.png,https://raw.githubusercontent.com/PokeAPI/sprites/master/sprites/pokemon/9.png,https://raw.githubusercontent.com/PokeAPI/sprites/master/sprites/pokemon/shiny/9.png
9,caterpie,bug,No Second Type,10,45,20,20,35,30,45,29,39,run-away,shield-dust,https://raw.githubusercontent.com/PokeAPI/sprites/master/sprites/pokemon/back/10.png,https://raw.githubusercontent.com/PokeAPI/sprites/master/sprites/pokemon/back/shiny/10.png,https://raw.githubusercontent.com/PokeAPI/sprites/master/sprites/pokemon/10.png,https://raw.githubusercontent.com/PokeAPI/sprites/master/sprites/pokemon/shiny/10.png
10,metapod,bug,No Second Type,11,30,25,25,55,20,50,99,72,shed-skin,No Second Ability,https://raw.githubusercontent.com/PokeAPI/sprites/master/sprites/pokemon/back/11.png,https://raw.githubusercontent.com/PokeAPI/sprites/master/sprites/pokemon/back/shiny/11.png,https://raw.githubusercontent.com/PokeAPI/sprites/master/sprites/pokemon/11.png,https://raw.githubusercontent.com/PokeAPI/sprites/master/sprites/pokemon/shiny/11.png
11,butterfree,flying,bug,12,70,80,90,50,45,60,320,178,tinted-lens,compound-eyes,https://raw.githubusercontent.com/PokeAPI/sprites/master/sprites/pokemon/back/12.png,https://raw.githubusercontent.com/PokeAPI/sprites/master/sprites/pokemon/back/shiny/12.png,https://raw.githubusercontent.com/PokeAPI/sprites/master/sprites/pokemon/12.png,https://raw.githubusercontent.com/PokeAPI/sprites/master/sprites/pokemon/shiny/12.png
12,weedle,poison,bug,13,50,20,20,30,35,40,32,39,run-away,shield-dust,https://raw.githubusercontent.com/PokeAPI/sprites/master/sprites/pokemon/back/13.png,https://raw.githubusercontent.com/PokeAPI/sprites/master/sprites/pokemon/back/shiny/13.png,https://raw.githubusercontent.com/PokeAPI/sprites/master/sprites/pokemon/13.png,https://raw.githubusercontent.com/PokeAPI/sprites/master/sprites/pokemon/shiny/13.png
13,kakuna,poison,bug,14,35,25,25,50,25,45,100,72,shed-skin,No Second Ability,https://raw.githubusercontent.com/PokeAPI/sprites/master/sprites/pokemon/back/14.png,https://raw.githubusercontent.com/PokeAPI/sprites/master/sprites/pokemon/back/shiny/14.png,https://raw.githubusercontent.com/PokeAPI/sprites/master/sprites/pokemon/14.png,https://raw.githubusercontent.com/PokeAPI/sprites/master/sprites/pokemon/shiny/14.png
14,beedrill,poison,bug,15,75,80,45,40,90,65,295,178,sniper,swarm,https://raw.githubusercontent.com/PokeAPI/sprites/master/sprites/pokemon/back/15.png,https://raw.githubusercontent.com/PokeAPI/sprites/master/sprites/pokemon/back/shiny/15.png,https://raw.githubusercontent.com/PokeAPI/sprites/master/sprites/pokemon/15.png,https://raw.githubusercontent.com/PokeAPI/sprites/master/sprites/pokemon/shiny/15.png
15,pidgey,flying,normal,16,56,35,35,40,45,40,18,50,big-pecks,tangled-feet,https://raw.githubusercontent.com/PokeAPI/sprites/master/sprites/pokemon/back/16.png,https://raw.githubusercontent.com/PokeAPI/sprites/master/sprites/pokemon/back/shiny/16.png,https://raw.githubusercontent.com/PokeAPI/sprites/master/sprites/pokemon/16.png,https://raw.githubusercontent.com/PokeAPI/sprites/master/sprites/pokemon/shiny/16.png
16,pidgeotto,flying,normal,17,71,50,50,55,60,63,300,122,big-pecks,tangled-feet,https://raw.githubusercontent.com/PokeAPI/sprites/master/sprites/pokemon/back/17.png,https://raw.githubusercontent.com/PokeAPI/sprites/master/sprites/pokemon/back/shiny/17.png,https://raw.githubusercontent.com/PokeAPI/sprites/master/sprites/pokemon/17.png,https://raw.githubusercontent.com/PokeAPI/sprites/master/sprites/pokemon/shiny/17.png
17,pidgeot,flying,normal,18,101,70,70,75,80,83,395,216,big-pecks,tangled-feet,https://raw.githubusercontent.com/PokeAPI/sprites/master/sprites/pokemon/back/18.png,https://raw.githubusercontent.com/PokeAPI/sprites/master/sprites/pokemon/back/shiny/18.png,https://raw.githubusercontent.com/PokeAPI/sprites/master/sprites/pokemon/18.png,https://raw.githubusercontent.com/PokeAPI/sprites/master/sprites/pokemon/shiny/18.png
18,rattata,normal,No Second Type,19,72,35,25,35,56,30,35,51,hustle,guts,https://raw.githubusercontent.com/PokeAPI/sprites/master/sprites/pokemon/back/19.png,https://raw.githubusercontent.com/PokeAPI/sprites/master/sprites/pokemon/back/shiny/19.png,https://raw.githubusercontent.com/PokeAPI/sprites/master/sprites/pokemon/19.png,https://raw.githubusercontent.com/PokeAPI/sprites/master/sprites/pokemon/shiny/19.png
19,raticate,normal,No Second Type,20,97,70,50,60,81,55,185,145,hustle,guts,https://raw.githubusercontent.com/PokeAPI/sprites/master/sprites/pokemon/back/20.png,https://raw.githubusercontent.com/PokeAPI/sprites/master/sprites/pokemon/back/shiny/20.png,https://raw.githubusercontent.com/PokeAPI/sprites/master/sprites/pokemon/20.png,https://raw.githubusercontent.com/PokeAPI/sprites/master/sprites/pokemon/shiny/20.png
20,spearow,flying,normal,21,70,31,31,30,60,40,20,52,sniper,keen-eye,https://raw.githubusercontent.com/PokeAPI/sprites/master/sprites/pokemon/back/21.png,https://raw.githubusercontent.com/PokeAPI/sprites/master/sprites/pokemon/back/shiny/21.png,https://raw.githubusercontent.com/PokeAPI/sprites/master/sprites/pokemon/21.png,https://raw.githubusercontent.com/PokeAPI/sprites/master/sprites/pokemon/shiny/21.png
21,fearow,flying,normal,22,100,61,61,65,90,65,380,155,sniper,keen-eye,https://raw.githubusercontent.com/PokeAPI/sprites/master/sprites/pokemon/back/22.png,https://raw.githubusercontent.com/PokeAPI/sprites/master/sprites/pokemon/back/shiny/22.png,https://raw.githubusercontent.com/PokeAPI/sprites/master/sprites/pokemon/22.png,https://raw.githubusercontent.com/PokeAPI/sprites/master/sprites/pokemon/shiny/22.png
22,ekans,poison,No Second Type,23,55,54,40,44,60,35,69,58,unnerve,shed-skin,https://raw.githubusercontent.com/PokeAPI/sprites/master/sprites/pokemon/back/23.png,https://raw.githubusercontent.com/PokeAPI/sprites/master/sprites/pokemon/back/shiny/23.png,https://raw.githubusercontent.com/PokeAPI/sprites/master/sprites/pokemon/23.png,https://raw.githubusercontent.com/PokeAPI/sprites/master/sprites/pokemon/shiny/23.png
23,arbok,poison,No Second Type,24,80,79,65,69,95,60,650,157,unnerve,shed-skin,https://raw.githubusercontent.com/PokeAPI/sprites/master/sprites/pokemon/back/24.png,https://raw.githubusercontent.com/PokeAPI/sprites/master/sprites/pokemon/back/shiny/24.png,https://raw.githubusercontent.com/PokeAPI/sprites/master/sprites/pokemon/24.png,https://raw.githubusercontent.com/PokeAPI/sprites/master/sprites/pokemon/shiny/24.png
24,pikachu,electric,No Second Type,25,90,50,50,40,55,35,60,112,lightning-rod,static,https://raw.githubusercontent.com/PokeAPI/sprites/master/sprites/pokemon/back/25.png,https://raw.githubusercontent.com/PokeAPI/sprites/master/sprites/pokemon/back/shiny/25.png,https://raw.githubusercontent.com/PokeAPI/sprites/master/sprites/pokemon/25.png,https://raw.githubusercontent.com/PokeAPI/sprites/master/sprites/pokemon/shiny/25.png
25,raichu,electric,No Second Type,26,110,80,90,55,90,60,300,218,lightning-rod,static,https://raw.githubusercontent.com/PokeAPI/sprites/master/sprites/pokemon/back/26.png,https://raw.githubusercontent.com/PokeAPI/sprites/master/sprites/pokemon/back/shiny/26.png,https://raw.githubusercontent.com/PokeAPI/sprites/master/sprites/pokemon/26.png,https://raw.githubusercontent.com/PokeAPI/sprites/master/sprites/pokemon/shiny/26.png
26,sandshrew,ground,No Second Type,27,40,30,20,85,75,50,120,60,sand-rush,sand-veil,https://raw.githubusercontent.com/PokeAPI/sprites/master/sprites/pokemon/back/27.png,https://raw.githubusercontent.com/PokeAPI/sprites/master/sprites/pokemon/back/shiny/27.png,https://raw.githubusercontent.com/PokeAPI/sprites/master/sprites/pokemon/27.png,https://raw.githubusercontent.com/PokeAPI/sprites/master/sprites/pokemon/shiny/27.png
27,sandslash,ground,No Second Type,28,65,55,45,110,100,75,295,158,sand-rush,sand-veil,https://raw.githubusercontent.com/PokeAPI/sprites/master/sprites/pokemon/back/28.png,https://raw.githubusercontent.com/PokeAPI/sprites/master/sprites/pokemon/back/shiny/28.png,https://raw.githubusercontent.com/PokeAPI/sprites/master/sprites/pokemon/28.png,https://raw.githubusercontent.com/PokeAPI/sprites/master/sprites/pokemon/shiny/28.png
28,nidoran-f,poison,No Second Type,29,41,40,40,52,47,55,70,55,hustle,rivalry,https://raw.githubusercontent.com/PokeAPI/sprites/master/sprites/pokemon/back/29.png,https://raw.githubusercontent.com/PokeAPI/sprites/master/sprites/pokemon/back/shiny/29.png,https://raw.githubusercontent.com/PokeAPI/sprites/master/sprites/pokemon/29.png,https://raw.githubusercontent.com/PokeAPI/sprites/master/sprites/pokemon/shiny/29.png
29,nidorina,poison,No Second Type,30,56,55,55,67,62,70,200,128,hustle,rivalry,https://raw.githubusercontent.com/PokeAPI/sprites/master/sprites/pokemon/back/30.png,https://raw.githubusercontent.com/PokeAPI/sprites/master/sprites/pokemon/back/shiny/30.png,https://raw.githubusercontent.com/PokeAPI/sprites/master/sprites/pokemon/30.png,https://raw.githubusercontent.com/PokeAPI/sprites/master/sprites/pokemon/shiny/30.png
30,nidoqueen,ground,poison,31,76,85,75,87,92,90,600,227,sheer-force,rivalry,https://raw.githubusercontent.com/PokeAPI/sprites/master/sprites/pokemon/back/31.png,https://raw.githubusercontent.com/PokeAPI/sprites/master/sprites/pokemon/back/shiny/31.png,https://raw.githubusercontent.com/PokeAPI/sprites/master/sprites/pokemon/31.png,https://raw.githubusercontent.com/PokeAPI/sprites/master/sprites/pokemon/shiny/31.png
31,nidoran-m,poison,No Second Type,32,50,40,40,40,57,46,90,55,hustle,rivalry,https://raw.githubusercontent.com/PokeAPI/sprites/master/sprites/pokemon/back/32.png,https://raw.githubusercontent.com/PokeAPI/sprites/master/sprites/pokemon/back/shiny/32.png,https://raw.githubusercontent.com/PokeAPI/sprites/master/sprites/pokemon/32.png,https://raw.githubusercontent.com/PokeAPI/sprites/master/sprites/pokemon/shiny/32.png
32,nidorino,poison,No Second Type,33,65,55,55,57,72,61,195,128,hustle,rivalry,https://raw.githubusercontent.com/PokeAPI/sprites/master/sprites/pokemon/back/33.png,https://raw.githubusercontent.com/PokeAPI/sprites/master/sprites/pokemon/back/shiny/33.png,https://raw.githubusercontent.com/PokeAPI/sprites/master/sprites/pokemon/33.png,https://raw.githubusercontent.com/PokeAPI/sprites/master/sprites/pokemon/shiny/33.png
33,nidoking,ground,poison,34,85,75,85,77,102,81,620,227,sheer-force,rivalry,https://raw.githubusercontent.com/PokeAPI/sprites/master/sprites/pokemon/back/34.png,https://raw.githubusercontent.com/PokeAPI/sprites/master/sprites/pokemon/back/shiny/34.png,https://raw.githubusercontent.com/PokeAPI/sprites/master/sprites/pokemon/34.png,https://raw.githubusercontent.com/PokeAPI/sprites/master/sprites/pokemon/shiny/34.png
34,clefairy,fairy,No Second Type,35,35,65,60,48,45,70,75,113,friend-guard,magic-guard,https://raw.githubusercontent.com/PokeAPI/sprites/master/sprites/pokemon/back/35.png,https://raw.githubusercontent.com/PokeAPI/sprites/master/sprites/pokemon/back/shiny/35.png,https://raw.githubusercontent.com/PokeAPI/sprites/master/sprites/pokemon/35.png,https://raw.githubusercontent.com/PokeAPI/sprites/master/sprites/pokemon/shiny/35.png
35,clefable,fairy,No Second Type,36,60,90,95,73,70,95,400,217,unaware,magic-guard,https://raw.githubusercontent.com/PokeAPI/sprites/master/sprites/pokemon/back/36.png,https://raw.githubusercontent.com/PokeAPI/sprites/master/sprites/pokemon/back/shiny/36.png,https://raw.githubusercontent.com/PokeAPI/sprites/master/sprites/pokemon/36.png,https://raw.githubusercontent.com/PokeAPI/sprites/master/sprites/pokemon/shiny/36.png
36,vulpix,fire,No Second Type,37,65,65,50,40,41,38,99,60,drought,flash-fire,https://raw.githubusercontent.com/PokeAPI/sprites/master/sprites/pokemon/back/37.png,https://raw.githubusercontent.com/PokeAPI/sprites/master/sprites/pokemon/back/shiny/37.png,https://raw.githubusercontent.com/PokeAPI/sprites/master/sprites/pokemon/37.png,https://raw.githubusercontent.com/PokeAPI/sprites/master/sprites/pokemon/shiny/37.png
37,ninetales,fire,No Second Type,38,100,100,81,75,76,73,199,177,drought,flash-fire,https://raw.githubusercontent.com/PokeAPI/sprites/master/sprites/pokemon/back/38.png,https://raw.githubusercontent.com/PokeAPI/sprites/master/sprites/pokemon/back/shiny/38.png,https://raw.githubusercontent.com/PokeAPI/sprites/master/sprites/pokemon/38.png,https://raw.githubusercontent.com/PokeAPI/sprites/master/sprites/pokemon/shiny/38.png
38,jigglypuff,fairy,normal,39,20,25,45,20,45,115,55,95,friend-guard,competitive,https://raw.githubusercontent.com/PokeAPI/sprites/master/sprites/pokemon/back/39.png,https://raw.githubusercontent.com/PokeAPI/sprites/master/sprites/pokemon/back/shiny/39.png,https://raw.githubusercontent.com/PokeAPI/sprites/master/sprites/pokemon/39.png,https://raw.githubusercontent.com/PokeAPI/sprites/master/sprites/pokemon/shiny/39.png
39,wigglytuff,fairy,normal,40,45,50,85,45,70,140,120,196,frisk,competitive,https://raw.githubusercontent.com/PokeAPI/sprites/master/sprites/pokemon/back/40.png,https://raw.githubusercontent.com/PokeAPI/sprites/master/sprites/pokemon/back/shiny/40.png,https://raw.githubusercontent.com/PokeAPI/sprites/master/sprites/pokemon/40.png,https://raw.githubusercontent.com/PokeAPI/sprites/master/sprites/pokemon/shiny/40.png
40,zubat,flying,poison,41,55,40,30,35,45,40,75,49,infiltrator,inner-focus,https://raw.githubusercontent.com/PokeAPI/sprites/master/sprites/pokemon/back/41.png,https://raw.githubusercontent.com/PokeAPI/sprites/master/sprites/pokemon/back/shiny/41.png,https://raw.githubusercontent.com/PokeAPI/sprites/master/sprites/pokemon/41.png,https://raw.githubusercontent.com/PokeAPI/sprites/master/sprites/pokemon/shiny/41.png
41,golbat,flying,poison,42,90,75,65,70,80,75,550,159,infiltrator,inner-focus,https://raw.githubusercontent.com/PokeAPI/sprites/master/sprites/pokemon/back/42.png,https://raw.githubusercontent.com/PokeAPI/sprites/master/sprites/pokemon/back/shiny/42.png,https://raw.githubusercontent.com/PokeAPI/sprites/master/sprites/pokemon/42.png,https://raw.githubusercontent.com/PokeAPI/sprites/master/sprites/pokemon/shiny/42.png
42,oddish,poison,grass,43,30,65,75,55,50,45,54,64,run-away,chlorophyll,https://raw.githubusercontent.com/PokeAPI/sprites/master/sprites/pokemon/back/43.png,https://raw.githubusercontent.com/PokeAPI/sprites/master/sprites/pokemon/back/shiny/43.png,https://raw.githubusercontent.com/PokeAPI/sprites/master/sprites/pokemon/43.png,https://raw.githubusercontent.com/PokeAPI/sprites/master/sprites/pokemon/shiny/43.png
43,gloom,poison,grass,44,40,75,85,70,65,60,86,138,stench,chlorophyll,https://raw.githubusercontent.com/PokeAPI/sprites/master/sprites/pokemon/back/44.png,https://raw.githubusercontent.com/PokeAPI/sprites/master/sprites/pokemon/back/shiny/44.png,https://raw.githubusercontent.com/PokeAPI/sprites/master/sprites/pokemon/44.png,https://raw.githubusercontent.com/PokeAPI/sprites/master/sprites/pokemon/shiny/44.png
44,vileplume,poison,grass,45,50,90,110,85,80,75,186,221,effect-spore,chlorophyll,https://raw.githubusercontent.com/PokeAPI/sprites/master/sprites/pokemon/back/45.png,https://raw.githubusercontent.com/PokeAPI/sprites/master/sprites/pokemon/back/shiny/45.png,https://raw.githubusercontent.com/PokeAPI/sprites/master/sprites/pokemon/45.png,https://raw.githubusercontent.com/PokeAPI/sprites/master/sprites/pokemon/shiny/45.png
45,paras,grass,bug,46,25,55,45,55,70,35,54,57,damp,dry-skin,https://raw.githubusercontent.com/PokeAPI/sprites/master/sprites/pokemon/back/46.png,https://raw.githubusercontent.com/PokeAPI/sprites/master/sprites/pokemon/back/shiny/46.png,https://raw.githubusercontent.com/PokeAPI/sprites/master/sprites/pokemon/46.png,https://raw.githubusercontent.com/PokeAPI/sprites/master/sprites/pokemon/shiny/46.png
46,parasect,grass,bug,47,30,80,60,80,95,60,295,142,damp,dry-skin,https://raw.githubusercontent.com/PokeAPI/sprites/master/sprites/pokemon/back/47.png,https://raw.githubusercontent.com/PokeAPI/sprites/master/sprites/pokemon/back/shiny/47.png,https://raw.githubusercontent.com/PokeAPI/sprites/master/sprites/pokemon/47.png,https://raw.githubusercontent.com/PokeAPI/sprites/master/sprites/pokemon/shiny/47.png
47,venonat,poison,bug,48,45,55,40,50,55,60,300,61,run-away,tinted-lens,https://raw.githubusercontent.com/PokeAPI/sprites/master/sprites/pokemon/back/48.png,https://raw.githubusercontent.com/PokeAPI/sprites/master/sprites/pokemon/back/shiny/48.png,https://raw.githubusercontent.com/PokeAPI/sprites/master/sprites/pokemon/48.png,https://raw.githubusercontent.com/PokeAPI/sprites/master/sprites/pokemon/shiny/48.png
48,venomoth,poison,bug,49,90,75,90,60,65,70,125,158,wonder-skin,tinted-lens,https://raw.githubusercontent.com/PokeAPI/sprites/master/sprites/pokemon/back/49.png,https://raw.githubusercontent.com/PokeAPI/sprites/master/sprites/pokemon/back/shiny/49.png,https://raw.githubusercontent.com/PokeAPI/sprites/master/sprites/pokemon/49.png,https://raw.githubusercontent.com/PokeAPI/sprites/master/sprites/pokemon/shiny/49.png
49,diglett,ground,No Second Type,50,95,45,35,25,55,10,8,53,sand-force,arena-trap,https://raw.githubusercontent.com/PokeAPI/sprites/master/sprites/pokemon/back/50.png,https://raw.githubusercontent.com/PokeAPI/sprites/master/sprites/pokemon/back/shiny/50.png,https://raw.githubusercontent.com/PokeAPI/sprites/master/sprites/pokemon/50.png,https://raw.githubusercontent.com/PokeAPI/sprites/master/sprites/pokemon/shiny/50.png
50,dugtrio,ground,No Second Type,51,120,70,50,50,100,35,333,149,sand-force,arena-trap,https://raw.githubusercontent.com/PokeAPI/sprites/master/sprites/pokemon/back/51.png,https://raw.githubusercontent.com/PokeAPI/sprites/master/sprites/pokemon/back/shiny/51.png,https://raw.githubusercontent.com/PokeAPI/sprites/master/sprites/pokemon/51.png,https://raw.githubusercontent.com/PokeAPI/sprites/master/sprites/pokemon/shiny/51.png
51,meowth,normal,No Second Type,52,90,40,40,35,45,40,42,58,unnerve,technician,https://raw.githubusercontent.com/PokeAPI/sprites/master/sprites/pokemon/back/52.png,https://raw.githubusercontent.com/PokeAPI/sprites/master/sprites/pokemon/back/shiny/52.png,https://raw.githubusercontent.com/PokeAPI/sprites/master/sprites/pokemon/52.png,https://raw.githubusercontent.com/PokeAPI/sprites/master/sprites/pokemon/shiny/52.png
52,persian,normal,No Second Type,53,115,65,65,60,70,65,320,154,unnerve,technician,https://raw.githubusercontent.com/PokeAPI/sprites/master/sprites/pokemon/back/53.png,https://raw.githubusercontent.com/PokeAPI/sprites/master/sprites/pokemon/back/shiny/53.png,https://raw.githubusercontent.com/PokeAPI/sprites/master/sprites/pokemon/53.png,https://raw.githubusercontent.com/PokeAPI/sprites/master/sprites/pokemon/shiny/53.png
53,psyduck,water,No Second Type,54,55,50,65,48,52,50,196,64,swift-swim,cloud-nine,https://raw.githubusercontent.com/PokeAPI/sprites/master/sprites/pokemon/back/54.png,https://raw.githubusercontent.com/PokeAPI/sprites/master/sprites/pokemon/back/shiny/54.png,https://raw.githubusercontent.com/PokeAPI/sprites/master/sprites/pokemon/54.png,https://raw.githubusercontent.com/PokeAPI/sprites/master/sprites/pokemon/shiny/54.png
54,golduck,water,No Second Type,55,85,80,95,78,82,80,766,175,swift-swim,cloud-nine,https://raw.githubusercontent.com/PokeAPI/sprites/master/sprites/pokemon/back/55.png,https://raw.githubusercontent.com/PokeAPI/sprites/master/sprites/pokemon/back/shiny/55.png,https://raw.githubusercontent.com/PokeAPI/sprites/master/sprites/pokemon/55.png,https://raw.githubusercontent.com/PokeAPI/sprites/master/sprites/pokemon/shiny/55.png
55,mankey,fighting,No Second Type,56,70,45,35,35,80,40,280,61,defiant,anger-point,https://raw.githubusercontent.com/PokeAPI/sprites/master/sprites/pokemon/back/56.png,https://raw.githubusercontent.com/PokeAPI/sprites/master/sprites/pokemon/back/shiny/56.png,https://raw.githubusercontent.com/PokeAPI/sprites/master/sprites/pokemon/56.png,https://raw.githubusercontent.com/PokeAPI/sprites/master/sprites/pokemon/shiny/56.png
56,primeape,fighting,No Second Type,57,95,70,60,60,105,65,320,159,defiant,anger-point,https://raw.githubusercontent.com/PokeAPI/sprites/master/sprites/pokemon/back/57.png,https://raw.githubusercontent.com/PokeAPI/sprites/master/sprites/pokemon/back/shiny/57.png,https://raw.githubusercontent.com/PokeAPI/sprites/master/sprites/pokemon/57.png,https://raw.githubusercontent.com/PokeAPI/sprites/master/sprites/pokemon/shiny/57.png
57,growlithe,fire,No Second Type,58,60,50,70,45,70,55,190,70,justified,flash-fire,https://raw.githubusercontent.com/PokeAPI/sprites/master/sprites/pokemon/back/58.png,https://raw.githubusercontent.com/PokeAPI/sprites/master/sprites/pokemon/back/shiny/58.png,https://raw.githubusercontent.com/PokeAPI/sprites/master/sprites/pokemon/58.png,https://raw.githubusercontent.com/PokeAPI/sprites/master/sprites/pokemon/shiny/58.png
58,arcanine,fire,No Second Type,59,95,80,100,80,110,90,1550,194,justified,flash-fire,https://raw.githubusercontent.com/PokeAPI/sprites/master/sprites/pokemon/back/59.png,https://raw.githubusercontent.com/PokeAPI/sprites/master/sprites/pokemon/back/shiny/59.png,https://raw.githubusercontent.com/PokeAPI/sprites/master/sprites/pokemon/59.png,https://raw.githubusercontent.com/PokeAPI/sprites/master/sprites/pokemon/shiny/59.png
59,poliwag,water,No Second Type,60,90,40,40,40,50,40,124,60,swift-swim,damp,https://raw.githubusercontent.com/PokeAPI/sprites/master/sprites/pokemon/back/60.png,https://raw.githubusercontent.com/PokeAPI/sprites/master/sprites/pokemon/back/shiny/60.png,https://raw.githubusercontent.com/PokeAPI/sprites/master/sprites/pokemon/60.png,https://raw.githubusercontent.com/PokeAPI/sprites/master/sprites/pokemon/shiny/60.png
60,poliwhirl,water,No Second Type,61,90,50,50,65,65,65,200,135,swift-swim,damp,https://raw.githubusercontent.com/PokeAPI/sprites/master/sprites/pokemon/back/61.png,https://raw.githubusercontent.com/PokeAPI/sprites/master/sprites/pokemon/back/shiny/61.png,https://raw.githubusercontent.com/PokeAPI/sprites/master/sprites/pokemon/61.png,https://raw.githubusercontent.com/PokeAPI/sprites/master/sprites/pokemon/shiny/61.png
61,poliwrath,fighting,water,62,70,90,70,95,95,90,540,230,swift-swim,damp,https://raw.githubusercontent.com/PokeAPI/sprites/master/sprites/pokemon/back/62.png,https://raw.githubusercontent.com/PokeAPI/sprites/master/sprites/pokemon/back/shiny/62.png,https://raw.githubusercontent.com/PokeAPI/sprites/master/sprites/pokemon/62.png,https://raw.githubusercontent.com/PokeAPI/sprites/master/sprites/pokemon/shiny/62.png
62,abra,psychic,No Second Type,63,90,55,105,15,20,25,195,62,magic-guard,inner-focus,https://raw.githubusercontent.com/PokeAPI/sprites/master/sprites/pokemon/back/63.png,https://raw.githubusercontent.com/PokeAPI/sprites/master/sprites/pokemon/back/shiny/63.png,https://raw.githubusercontent.com/PokeAPI/sprites/master/sprites/pokemon/63.png,https://raw.githubusercontent.com/PokeAPI/sprites/master/sprites/pokemon/shiny/63.png
63,kadabra,psychic,No Second Type,64,105,70,120,30,35,40,565,140,magic-guard,inner-focus,https://raw.githubusercontent.com/PokeAPI/sprites/master/sprites/pokemon/back/64.png,https://raw.githubusercontent.com/PokeAPI/sprites/master/sprites/pokemon/back/shiny/64.png,https://raw.githubusercontent.com/PokeAPI/sprites/master/sprites/pokemon/64.png,https://raw.githubusercontent.com/PokeAPI/sprites/master/sprites/pokemon/shiny/64.png
64,alakazam,psychic,No Second Type,65,120,95,135,45,50,55,480,225,magic-guard,inner-focus,https://raw.githubusercontent.com/PokeAPI/sprites/master/sprites/pokemon/back/65.png,https://raw.githubusercontent.com/PokeAPI/sprites/master/sprites/pokemon/back/shiny/65.png,https://raw.githubusercontent.com/PokeAPI/sprites/master/sprites/pokemon/65.png,https://raw.githubusercontent.com/PokeAPI/sprites/master/sprites/pokemon/shiny/65.png
65,machop,fighting,No Second Type,66,35,35,35,50,80,70,195,61,steadfast,no-guard,https://raw.githubusercontent.com/PokeAPI/sprites/master/sprites/pokemon/back/66.png,https://raw.githubusercontent.com/PokeAPI/sprites/master/sprites/pokemon/back/shiny/66.png,https://raw.githubusercontent.com/PokeAPI/sprites/master/sprites/pokemon/66.png,https://raw.githubusercontent.com/PokeAPI/sprites/master/sprites/pokemon/shiny/66.png
66,machoke,fighting,No Second Type,67,45,60,50,70,100,80,705,142,steadfast,no-guard,https://raw.githubusercontent.com/PokeAPI/sprites/master/sprites/pokemon/back/67.png,https://raw.githubusercontent.com/PokeAPI/sprites/master/sprites/pokemon/back/shiny/67.png,https://raw.githubusercontent.com/PokeAPI/sprites/master/sprites/pokemon/67.png,https://raw.githubusercontent.com/PokeAPI/sprites/master/sprites/pokemon/shiny/67.png
67,machamp,fighting,No Second Type,68,55,85,65,80,130,90,1300,227,steadfast,no-guard,https://raw.githubusercontent.com/PokeAPI/sprites/master/sprites/pokemon/back/68.png,https://raw.githubusercontent.com/PokeAPI/sprites/master/sprites/pokemon/back/shiny/68.png,https://raw.githubusercontent.com/PokeAPI/sprites/master/sprites/pokemon/68.png,https://raw.githubusercontent.com/PokeAPI/sprites/master/sprites/pokemon/shiny/68.png
68,bellsprout,poison,grass,69,40,30,70,35,75,50,40,60,gluttony,chlorophyll,https://raw.githubusercontent.com/PokeAPI/sprites/master/sprites/pokemon/back/69.png,https://raw.githubusercontent.com/PokeAPI/sprites/master/sprites/pokemon/back/shiny/69.png,https://raw.githubusercontent.com/PokeAPI/sprites/master/sprites/pokemon/69.png,https://raw.githubusercontent.com/PokeAPI/sprites/master/sprites/pokemon/shiny/69.png
69,weepinbell,poison,grass,70,55,45,85,50,90,65,64,137,gluttony,chlorophyll,https://raw.githubusercontent.com/PokeAPI/sprites/master/sprites/pokemon/back/70.png,https://raw.githubusercontent.com/PokeAPI/sprites/master/sprites/pokemon/back/shiny/70.png,https://raw.githubusercontent.com/PokeAPI/sprites/master/sprites/pokemon/70.png,https://raw.githubusercontent.com/PokeAPI/sprites/master/sprites/pokemon/shiny/70.png
70,victreebel,poison,grass,71,70,70,100,65,105,80,155,221,gluttony,chlorophyll,https://raw.githubusercontent.com/PokeAPI/sprites/master/sprites/pokemon/back/71.png,https://raw.githubusercontent.com/PokeAPI/sprites/master/sprites/pokemon/back/shiny/71.png,https://raw.githubusercontent.com/PokeAPI/sprites/master/sprites/pokemon/71.png,https://raw.githubusercontent.com/PokeAPI/sprites/master/sprites/pokemon/shiny/71.png
71,tentacool,poison,water,72,70,100,50,35,40,40,455,67,rain-dish,liquid-ooze,https://raw.githubusercontent.com/PokeAPI/sprites/master/sprites/pokemon/back/72.png,https://raw.githubusercontent.com/PokeAPI/sprites/master/sprites/pokemon/back/shiny/72.png,https://raw.githubusercontent.com/PokeAPI/sprites/master/sprites/pokemon/72.png,https://raw.githubusercontent.com/PokeAPI/sprites/master/sprites/pokemon/shiny/72.png
72,tentacruel,poison,water,73,100,120,80,65,70,80,550,180,rain-dish,liquid-ooze,https://raw.githubusercontent.com/PokeAPI/sprites/master/sprites/pokemon/back/73.png,https://raw.githubusercontent.com/PokeAPI/sprites/master/sprites/pokemon/back/shiny/73.png,https://raw.githubusercontent.com/PokeAPI/sprites/master/sprites/pokemon/73.png,https://raw.githubusercontent.com/PokeAPI/sprites/master/sprites/pokemon/shiny/73.png
73,geodude,ground,rock,74,20,30,30,100,80,40,200,60,sand-veil,sturdy,https://raw.githubusercontent.com/PokeAPI/sprites/master/sprites/pokemon/back/74.png,https://raw.githubusercontent.com/PokeAPI/sprites/master/sprites/pokemon/back/shiny/74.png,https://raw.githubusercontent.com/PokeAPI/sprites/master/sprites/pokemon/74.png,https://raw.githubusercontent.com/PokeAPI/sprites/master/sprites/pokemon/shiny/74.png
74,graveler,ground,rock,75,35,45,45,115,95,55,1050,137,sand-veil,sturdy,https://raw.githubusercontent.com/PokeAPI/sprites/master/sprites/pokemon/back/75.png,https://raw.githubusercontent.com/PokeAPI/sprites/master/sprites/pokemon/back/shiny/75.png,https://raw.githubusercontent.com/PokeAPI/sprites/master/sprites/pokemon/75.png,https://raw.githubusercontent.com/PokeAPI/sprites/master/sprites/pokemon/shiny/75.png
75,golem,ground,rock,76,45,65,55,130,120,80,3000,223,sand-veil,sturdy,https://raw.githubusercontent.com/PokeAPI/sprites/master/sprites/pokemon/back/76.png,https://raw.githubusercontent.com/PokeAPI/sprites/master/sprites/pokemon/back/shiny/76.png,https://raw.githubusercontent.com/PokeAPI/sprites/master/sprites/pokemon/76.png,https://raw.githubusercontent.com/PokeAPI/sprites/master/sprites/pokemon/shiny/76.png
76,ponyta,fire,No Second Type,77,90,65,65,55,85,50,300,82,flame-body,flash-fire,https://raw.githubusercontent.com/PokeAPI/sprites/master/sprites/pokemon/back/77.png,https://raw.githubusercontent.com/PokeAPI/sprites/master/sprites/pokemon/back/shiny/77.png,https://raw.githubusercontent.com/PokeAPI/sprites/master/sprites/pokemon/77.png,https://raw.githubusercontent.com/PokeAPI/sprites/master/sprites/pokemon/shiny/77.png
77,rapidash,fire,No Second Type,78,105,80,80,70,100,65,950,175,flame-body,flash-fire,https://raw.githubusercontent.com/PokeAPI/sprites/master/sprites/pokemon/back/78.png,https://raw.githubusercontent.com/PokeAPI/sprites/master/sprites/pokemon/back/shiny/78.png,https://raw.githubusercontent.com/PokeAPI/sprites/master/sprites/pokemon/78.png,https://raw.githubusercontent.com/PokeAPI/sprites/master/sprites/pokemon/shiny/78.png
78,slowpoke,psychic,water,79,15,40,40,65,65,90,360,63,regenerator,own-tempo,https://raw.githubusercontent.com/PokeAPI/sprites/master/sprites/pokemon/back/79.png,https://raw.githubusercontent.com/PokeAPI/sprites/master/sprites/pokemon/back/shiny/79.png,https://raw.githubusercontent.com/PokeAPI/sprites/master/sprites/pokemon/79.png,https://raw.githubusercontent.com/PokeAPI/sprites/master/sprites/pokemon/shiny/79.png
79,slowbro,psychic,water,80,30,80,100,110,75,95,785,172,regenerator,own-tempo,https://raw.githubusercontent.com/PokeAPI/sprites/master/sprites/pokemon/back/80.png,https://raw.githubusercontent.com/PokeAPI/sprites/master/sprites/pokemon/back/shiny/80.png,https://raw.githubusercontent.com/PokeAPI/sprites/master/sprites/pokemon/80.png,https://raw.githubusercontent.com/PokeAPI/sprites/master/sprites/pokemon/shiny/80.png
80,magnemite,steel,electric,81,45,55,95,70,35,25,60,65,analytic,sturdy,https://raw.githubusercontent.com/PokeAPI/sprites/master/sprites/pokemon/back/81.png,https://raw.githubusercontent.com/PokeAPI/sprites/master/sprites/pokemon/back/shiny/81.png,https://raw.githubusercontent.com/PokeAPI/sprites/master/sprites/pokemon/81.png,https://raw.githubusercontent.com/PokeAPI/sprites/master/sprites/pokemon/shiny/81.png
81,magneton,steel,electric,82,70,70,120,95,60,50,600,163,analytic,sturdy,https://raw.githubusercontent.com/PokeAPI/sprites/master/sprites/pokemon/back/82.png,https://raw.githubusercontent.com/PokeAPI/sprites/master/sprites/pokemon/back/shiny/82.png,https://raw.githubusercontent.com/PokeAPI/sprites/master/sprites/pokemon/82.png,https://raw.githubusercontent.com/PokeAPI/sprites/master/sprites/pokemon/shiny/82.png
82,farfetchd,flying,normal,83,60,62,58,55,90,52,150,132,defiant,inner-focus,https://raw.githubusercontent.com/PokeAPI/sprites/master/sprites/pokemon/back/83.png,https://raw.githubusercontent.com/PokeAPI/sprites/master/sprites/pokemon/back/shiny/83.png,https://raw.githubusercontent.com/PokeAPI/sprites/master/sprites/pokemon/83.png,https://raw.githubusercontent.com/PokeAPI/sprites/master/sprites/pokemon/shiny/83.png
83,doduo,flying,normal,84,75,35,35,45,85,35,392,62,tangled-feet,early-bird,https://raw.githubusercontent.com/PokeAPI/sprites/master/sprites/pokemon/back/84.png,https://raw.githubusercontent.com/PokeAPI/sprites/master/sprites/pokemon/back/shiny/84.png,https://raw.githubusercontent.com/PokeAPI/sprites/master/sprites/pokemon/84.png,https://raw.githubusercontent.com/PokeAPI/sprites/master/sprites/pokemon/shiny/84.png
84,dodrio,flying,normal,85,110,60,60,70,110,60,852,165,tangled-feet,early-bird,https://raw.githubusercontent.com/PokeAPI/sprites/master/sprites/pokemon/back/85.png,https://raw.githubusercontent.com/PokeAPI/sprites/master/sprites/pokemon/back/shiny/85.png,https://raw.githubusercontent.com/PokeAPI/sprites/master/sprites/pokemon/85.png,https://raw.githubusercontent.com/PokeAPI/sprites/master/sprites/pokemon/shiny/85.png
85,seel,water,No Second Type,86,45,70,45,55,45,65,900,65,ice-body,hydration,https://raw.githubusercontent.com/PokeAPI/sprites/master/sprites/pokemon/back/86.png,https://raw.githubusercontent.com/PokeAPI/sprites/master/sprites/pokemon/back/shiny/86.png,https://raw.githubusercontent.com/PokeAPI/sprites/master/sprites/pokemon/86.png,https://raw.githubusercontent.com/PokeAPI/sprites/master/sprites/pokemon/shiny/86.png
86,dewgong,ice,water,87,70,95,70,80,70,90,1200,166,ice-body,hydration,https://raw.githubusercontent.com/PokeAPI/sprites/master/sprites/pokemon/back/87.png,https://raw.githubusercontent.com/PokeAPI/sprites/master/sprites/pokemon/back/shiny/87.png,https://raw.githubusercontent.com/PokeAPI/sprites/master/sprites/pokemon/87.png,https://raw.githubusercontent.com/PokeAPI/sprites/master/sprites/pokemon/shiny/87.png
87,grimer,poison,No Second Type,88,25,50,40,50,80,80,300,65,poison-touch,sticky-hold,https://raw.githubusercontent.com/PokeAPI/sprites/master/sprites/pokemon/back/88.png,https://raw.githubusercontent.com/PokeAPI/sprites/master/sprites/pokemon/back/shiny/88.png,https://raw.githubusercontent.com/PokeAPI/sprites/master/sprites/pokemon/88.png,https://raw.githubusercontent.com/PokeAPI/sprites/master/sprites/pokemon/shiny/88.png
88,muk,poison,No Second Type,89,50,100,65,75,105,105,300,175,poison-touch,sticky-hold,https://raw.githubusercontent.com/PokeAPI/sprites/master/sprites/pokemon/back/89.png,https://raw.githubusercontent.com/PokeAPI/sprites/master/sprites/pokemon/back/shiny/89.png,https://raw.githubusercontent.com/PokeAPI/sprites/master/sprites/pokemon/89.png,https://raw.githubusercontent.com/PokeAPI/sprites/master/sprites/pokemon/shiny/89.png
89,shellder,water,No Second Type,90,40,25,45,100,65,30,40,61,overcoat,skill-link,https://raw.githubusercontent.com/PokeAPI/sprites/master/sprites/pokemon/back/90.png,https://raw.githubusercontent.com/PokeAPI/sprites/master/sprites/pokemon/back/shiny/90.png,https://raw.githubusercontent.com/PokeAPI/sprites/master/sprites/pokemon/90.png,https://raw.githubusercontent.com/PokeAPI/sprites/master/sprites/pokemon/shiny/90.png
90,cloyster,ice,water,91,70,45,85,180,95,50,1325,184,overcoat,skill-link,https://raw.githubusercontent.com/PokeAPI/sprites/master/sprites/pokemon/back/91.png,https://raw.githubusercontent.com/PokeAPI/sprites/master/sprites/pokemon/back/shiny/91.png,https://raw.githubusercontent.com/PokeAPI/sprites/master/sprites/pokemon/91.png,https://raw.githubusercontent.com/PokeAPI/sprites/master/sprites/pokemon/shiny/91.png
91,gastly,poison,ghost,92,80,35,100,30,35,30,1,62,levitate,No Second Ability,https://raw.githubusercontent.com/PokeAPI/sprites/master/sprites/pokemon/back/92.png,https://raw.githubusercontent.com/PokeAPI/sprites/master/sprites/pokemon/back/shiny/92.png,https://raw.githubusercontent.com/PokeAPI/sprites/master/sprites/pokemon/92.png,https://raw.githubusercontent.com/PokeAPI/sprites/master/sprites/pokemon/shiny/92.png
92,haunter,poison,ghost,93,95,55,115,45,50,45,1,142,levitate,No Second Ability,https://raw.githubusercontent.com/PokeAPI/sprites/master/sprites/pokemon/back/93.png,https://raw.githubusercontent.com/PokeAPI/sprites/master/sprites/pokemon/back/shiny/93.png,https://raw.githubusercontent.com/PokeAPI/sprites/master/sprites/pokemon/93.png,https://raw.githubusercontent.com/PokeAPI/sprites/master/sprites/pokemon/shiny/93.png
93,gengar,poison,ghost,94,110,75,130,60,65,60,405,225,cursed-body,No Second Ability,https://raw.githubusercontent.com/PokeAPI/sprites/master/sprites/pokemon/back/94.png,https://raw.githubusercontent.com/PokeAPI/sprites/master/sprites/pokemon/back/shiny/94.png,https://raw.githubusercontent.com/PokeAPI/sprites/master/sprites/pokemon/94.png,https://raw.githubusercontent.com/PokeAPI/sprites/master/sprites/pokemon/shiny/94.png
94,onix,ground,rock,95,70,45,30,160,45,35,2100,77,weak-armor,sturdy,https://raw.githubusercontent.com/PokeAPI/sprites/master/sprites/pokemon/back/95.png,https://raw.githubusercontent.com/PokeAPI/sprites/master/sprites/pokemon/back/shiny/95.png,https://raw.githubusercontent.com/PokeAPI/sprites/master/sprites/pokemon/95.png,https://raw.githubusercontent.com/PokeAPI/sprites/master/sprites/pokemon/shiny/95.png
95,drowzee,psychic,No Second Type,96,42,90,43,45,48,60,324,66,inner-focus,forewarn,https://raw.githubusercontent.com/PokeAPI/sprites/master/sprites/pokemon/back/96.png,https://raw.githubusercontent.com/PokeAPI/sprites/master/sprites/pokemon/back/shiny/96.png,https://raw.githubusercontent.com/PokeAPI/sprites/master/sprites/pokemon/96.png,https://raw.githubusercontent.com/PokeAPI/sprites/master/sprites/pokemon/shiny/96.png
96,hypno,psychic,No Second Type,97,67,115,73,70,73,85,756,169,inner-focus,forewarn,https://raw.githubusercontent.com/PokeAPI/sprites/master/sprites/pokemon/back/97.png,https://raw.githubusercontent.com/PokeAPI/sprites/master/sprites/pokemon/back/shiny/97.png,https://raw.githubusercontent.com/PokeAPI/sprites/master/sprites/pokemon/97.png,https://raw.githubusercontent.com/PokeAPI/sprites/master/sprites/pokemon/shiny/97.png
97,krabby,water,No Second Type,98,50,25,25,90,105,30,65,65,sheer-force,shell-armor,https://raw.githubusercontent.com/PokeAPI/sprites/master/sprites/pokemon/back/98.png,https://raw.githubusercontent.com/PokeAPI/sprites/master/sprites/pokemon/back/shiny/98.png,https://raw.githubusercontent.com/PokeAPI/sprites/master/sprites/pokemon/98.png,https://raw.githubusercontent.com/PokeAPI/sprites/master/sprites/pokemon/shiny/98.png
98,kingler,water,No Second Type,99,75,50,50,115,130,55,600,166,sheer-force,shell-armor,https://raw.githubusercontent.com/PokeAPI/sprites/master/sprites/pokemon/back/99.png,https://raw.githubusercontent.com/PokeAPI/sprites/master/sprites/pokemon/back/shiny/99.png,https://raw.githubusercontent.com/PokeAPI/sprites/master/sprites/pokemon/99.png,https://raw.githubusercontent.com/PokeAPI/sprites/master/sprites/pokemon/shiny/99.png
99,voltorb,electric,No Second Type,100,100,55,55,50,30,40,104,66,aftermath,static,https://raw.githubusercontent.com/PokeAPI/sprites/master/sprites/pokemon/back/100.png,https://raw.githubusercontent.com/PokeAPI/sprites/master/sprites/pokemon/back/shiny/100.png,https://raw.githubusercontent.com/PokeAPI/sprites/master/sprites/pokemon/100.png,https://raw.githubusercontent.com/PokeAPI/sprites/master/sprites/pokemon/shiny/100.png
100,electrode,electric,No Second Type,101,150,80,80,70,50,60,666,172,aftermath,static,https://raw.githubusercontent.com/PokeAPI/sprites/master/sprites/pokemon/back/101.png,https://raw.githubusercontent.com/PokeAPI/sprites/master/sprites/pokemon/back/shiny/101.png,https://raw.githubusercontent.com/PokeAPI/sprites/master/sprites/pokemon/101.png,https://raw.githubusercontent.com/PokeAPI/sprites/master/sprites/pokemon/shiny/101.png
101,exeggcute,psychic,grass,102,40,45,60,80,40,60,25,65,harvest,chlorophyll,https://raw.githubusercontent.com/PokeAPI/sprites/master/sprites/pokemon/back/102.png,https://raw.githubusercontent.com/PokeAPI/sprites/master/sprites/pokemon/back/shiny/102.png,https://raw.githubusercontent.com/PokeAPI/sprites/master/sprites/pokemon/102.png,https://raw.githubusercontent.com/PokeAPI/sprites/master/sprites/pokemon/shiny/102.png
102,exeggutor,psychic,grass,103,55,75,125,85,95,95,1200,186,harvest,chlorophyll,https://raw.githubusercontent.com/PokeAPI/sprites/master/sprites/pokemon/back/103.png,https://raw.githubusercontent.com/PokeAPI/sprites/master/sprites/pokemon/back/shiny/103.png,https://raw.githubusercontent.com/PokeAPI/sprites/master/sprites/pokemon/103.png,https://raw.githubusercontent.com/PokeAPI/sprites/master/sprites/pokemon/shiny/103.png
103,cubone,ground,No Second Type,104,35,50,40,95,50,50,65,64,battle-armor,lightning-rod,https://raw.githubusercontent.com/PokeAPI/sprites/master/sprites/pokemon/back/104.png,https://raw.githubusercontent.com/PokeAPI/sprites/master/sprites/pokemon/back/shiny/104.png,https://raw.githubusercontent.com/PokeAPI/sprites/master/sprites/pokemon/104.png,https://raw.githubusercontent.com/PokeAPI/sprites/master/sprites/pokemon/shiny/104.png
104,marowak,ground,No Second Type,105,45,80,50,110,80,60,450,149,battle-armor,lightning-rod,https://raw.githubusercontent.com/PokeAPI/sprites/master/sprites/pokemon/back/105.png,https://raw.githubusercontent.com/PokeAPI/sprites/master/sprites/pokemon/back/shiny/105.png,https://raw.githubusercontent.com/PokeAPI/sprites/master/sprites/pokemon/105.png,https://raw.githubusercontent.com/PokeAPI/sprites/master/sprites/pokemon/shiny/105.png
105,hitmonlee,fighting,No Second Type,106,87,110,35,53,120,50,498,159,unburden,reckless,https://raw.githubusercontent.com/PokeAPI/sprites/master/sprites/pokemon/back/106.png,https://raw.githubusercontent.com/PokeAPI/sprites/master/sprites/pokemon/back/shiny/106.png,https://raw.githubusercontent.com/PokeAPI/sprites/master/sprites/pokemon/106.png,https://raw.githubusercontent.com/PokeAPI/sprites/master/sprites/pokemon/shiny/106.png
106,hitmonchan,fighting,No Second Type,107,76,110,35,79,105,50,502,159,inner-focus,iron-fist,https://raw.githubusercontent.com/PokeAPI/sprites/master/sprites/pokemon/back/107.png,https://raw.githubusercontent.com/PokeAPI/sprites/master/sprites/pokemon/back/shiny/107.png,https://raw.githubusercontent.com/PokeAPI/sprites/master/sprites/pokemon/107.png,https://raw.githubusercontent.com/PokeAPI/sprites/master/sprites/pokemon/shiny/107.png
107,lickitung,normal,No Second Type,108,30,75,60,75,55,90,655,77,cloud-nine,oblivious,https://raw.githubusercontent.com/PokeAPI/sprites/master/sprites/pokemon/back/108.png,https://raw.githubusercontent.com/PokeAPI/sprites/master/sprites/pokemon/back/shiny/108.png,https://raw.githubusercontent.com/PokeAPI/sprites/master/sprites/pokemon/108.png,https://raw.githubusercontent.com/PokeAPI/sprites/master/sprites/pokemon/shiny/108.png
108,koffing,poison,No Second Type,109,35,45,60,95,65,40,10,68,levitate,No Second Ability,https://raw.githubusercontent.com/PokeAPI/sprites/master/sprites/pokemon/back/109.png,https://raw.githubusercontent.com/PokeAPI/sprites/master/sprites/pokemon/back/shiny/109.png,https://raw.githubusercontent.com/PokeAPI/sprites/master/sprites/pokemon/109.png,https://raw.githubusercontent.com/PokeAPI/sprites/master/sprites/pokemon/shiny/109.png
109,weezing,poison,No Second Type,110,60,70,85,120,90,65,95,172,levitate,No Second Ability,https://raw.githubusercontent.com/PokeAPI/sprites/master/sprites/pokemon/back/110.png,https://raw.githubusercontent.com/PokeAPI/sprites/master/sprites/pokemon/back/shiny/110.png,https://raw.githubusercontent.com/PokeAPI/sprites/master/sprites/pokemon/110.png,https://raw.githubusercontent.com/PokeAPI/sprites/master/sprites/pokemon/shiny/110.png
110,rhyhorn,rock,ground,111,25,30,30,95,85,80,1150,69,reckless,rock-head,https://raw.githubusercontent.com/PokeAPI/sprites/master/sprites/pokemon/back/111.png,https://raw.githubusercontent.com/PokeAPI/sprites/master/sprites/pokemon/back/shiny/111.png,https://raw.githubusercontent.com/PokeAPI/sprites/master/sprites/pokemon/111.png,https://raw.githubusercontent.com/PokeAPI/sprites/master/sprites/pokemon/shiny/111.png
111,rhydon,rock,ground,112,40,45,45,120,130,105,1200,170,reckless,rock-head,https://raw.githubusercontent.com/PokeAPI/sprites/master/sprites/pokemon/back/112.png,https://raw.githubusercontent.com/PokeAPI/sprites/master/sprites/pokemon/back/shiny/112.png,https://raw.githubusercontent.com/PokeAPI/sprites/master/sprites/pokemon/112.png,https://raw.githubusercontent.com/PokeAPI/sprites/master/sprites/pokemon/shiny/112.png
112,chansey,normal,No Second Type,113,50,105,35,5,5,250,346,395,healer,serene-grace,https://raw.githubusercontent.com/PokeAPI/sprites/master/sprites/pokemon/back/113.png,https://raw.githubusercontent.com/PokeAPI/sprites/master/sprites/pokemon/back/shiny/113.png,https://raw.githubusercontent.com/PokeAPI/sprites/master/sprites/pokemon/113.png,https://raw.githubusercontent.com/PokeAPI/sprites/master/sprites/pokemon/shiny/113.png
113,tangela,grass,No Second Type,114,60,40,100,115,55,65,350,87,regenerator,leaf-guard,https://raw.githubusercontent.com/PokeAPI/sprites/master/sprites/pokemon/back/114.png,https://raw.githubusercontent.com/PokeAPI/sprites/master/sprites/pokemon/back/shiny/114.png,https://raw.githubusercontent.com/PokeAPI/sprites/master/sprites/pokemon/114.png,https://raw.githubusercontent.com/PokeAPI/sprites/master/sprites/pokemon/shiny/114.png
114,kangaskhan,normal,No Second Type,115,90,80,40,80,95,105,800,172,inner-focus,scrappy,https://raw.githubusercontent.com/PokeAPI/sprites/master/sprites/pokemon/back/115.png,https://raw.githubusercontent.com/PokeAPI/sprites/master/sprites/pokemon/back/shiny/115.png,https://raw.githubusercontent.com/PokeAPI/sprites/master/sprites/pokemon/115.png,https://raw.githubusercontent.com/PokeAPI/sprites/master/sprites/pokemon/shiny/115.png
115,horsea,water,No Second Type,116,60,25,70,70,40,30,80,59,damp,sniper,https://raw.githubusercontent.com/PokeAPI/sprites/master/sprites/pokemon/back/116.png,https://raw.githubusercontent.com/PokeAPI/sprites/master/sprites/pokemon/back/shiny/116.png,https://raw.githubusercontent.com/PokeAPI/sprites/master/sprites/pokemon/116.png,https://raw.githubusercontent.com/PokeAPI/sprites/master/sprites/pokemon/shiny/116.png
116,seadra,water,No Second Type,117,85,45,95,95,65,55,250,154,damp,sniper,https://raw.githubusercontent.com/PokeAPI/sprites/master/sprites/pokemon/back/117.png,https://raw.githubusercontent.com/PokeAPI/sprites/master/sprites/pokemon/back/shiny/117.png,https://raw.githubusercontent.com/PokeAPI/sprites/master/sprites/pokemon/117.png,https://raw.githubusercontent.com/PokeAPI/sprites/master/sprites/pokemon/shiny/117.png
117,goldeen,water,No Second Type,118,63,50,35,60,67,45,150,64,lightning-rod,water-veil,https://raw.githubusercontent.com/PokeAPI/sprites/master/sprites/pokemon/back/118.png,https://raw.githubusercontent.com/PokeAPI/sprites/master/sprites/pokemon/back/shiny/118.png,https://raw.githubusercontent.com/PokeAPI/sprites/master/sprites/pokemon/118.png,https://raw.githubusercontent.com/PokeAPI/sprites/master/sprites/pokemon/shiny/118.png
118,seaking,water,No Second Type,119,68,80,65,65,92,80,390,158,lightning-rod,water-veil,https://raw.githubusercontent.com/PokeAPI/sprites/master/sprites/pokemon/back/119.png,https://raw.githubusercontent.com/PokeAPI/sprites/master/sprites/pokemon/back/shiny/119.png,https://raw.githubusercontent.com/PokeAPI/sprites/master/sprites/pokemon/119.png,https://raw.githubusercontent.com/PokeAPI/sprites/master/sprites/pokemon/shiny/119.png
119,staryu,water,No Second Type,120,85,55,70,55,45,30,345,68,analytic,natural-cure,https://raw.githubusercontent.com/PokeAPI/sprites/master/sprites/pokemon/back/120.png,https://raw.githubusercontent.com/PokeAPI/sprites/master/sprites/pokemon/back/shiny/120.png,https://raw.githubusercontent.com/PokeAPI/sprites/master/sprites/pokemon/120.png,https://raw.githubusercontent.com/PokeAPI/sprites/master/sprites/pokemon/shiny/120.png
120,starmie,psychic,water,121,115,85,100,85,75,60,800,182,analytic,natural-cure,https://raw.githubusercontent.com/PokeAPI/sprites/master/sprites/pokemon/back/121.png,https://raw.githubusercontent.com/PokeAPI/sprites/master/sprites/pokemon/back/shiny/121.png,https://raw.githubusercontent.com/PokeAPI/sprites/master/sprites/pokemon/121.png,https://raw.githubusercontent.com/PokeAPI/sprites/master/sprites/pokemon/shiny/121.png
121,mr-mime,fairy,psychic,122,90,120,100,65,45,40,545,161,technician,filter,https://raw.githubusercontent.com/PokeAPI/sprites/master/sprites/pokemon/back/122.png,https://raw.githubusercontent.com/PokeAPI/sprites/master/sprites/pokemon/back/shiny/122.png,https://raw.githubusercontent.com/PokeAPI/sprites/master/sprites/pokemon/122.png,https://raw.githubusercontent.com/PokeAPI/sprites/master/sprites/pokemon/shiny/122.png
122,scyther,flying,bug,123,105,80,55,80,110,70,560,100,steadfast,technician,https://raw.githubusercontent.com/PokeAPI/sprites/master/sprites/pokemon/back/123.png,https://raw.githubusercontent.com/PokeAPI/sprites/master/sprites/pokemon/back/shiny/123.png,https://raw.githubusercontent.com/PokeAPI/sprites/master/sprites/pokemon/123.png,https://raw.githubusercontent.com/PokeAPI/sprites/master/sprites/pokemon/shiny/123.png
123,jynx,psychic,ice,124,95,95,115,35,50,65,406,159,dry-skin,forewarn,https://raw.githubusercontent.com/PokeAPI/sprites/master/sprites/pokemon/back/124.png,https://raw.githubusercontent.com/PokeAPI/sprites/master/sprites/pokemon/back/shiny/124.png,https://raw.githubusercontent.com/PokeAPI/sprites/master/sprites/pokemon/124.png,https://raw.githubusercontent.com/PokeAPI/sprites/master/sprites/pokemon/shiny/124.png
124,electabuzz,electric,No Second Type,125,105,85,95,57,83,65,300,172,vital-spirit,static,https://raw.githubusercontent.com/PokeAPI/sprites/master/sprites/pokemon/back/125.png,https://raw.githubusercontent.com/PokeAPI/sprites/master/sprites/pokemon/back/shiny/125.png,https://raw.githubusercontent.com/PokeAPI/sprites/master/sprites/pokemon/125.png,https://raw.githubusercontent.com/PokeAPI/sprites/master/sprites/pokemon/shiny/125.png
125,magmar,fire,No Second Type,126,93,85,100,57,95,65,445,173,vital-spirit,flame-body,https://raw.githubusercontent.com/PokeAPI/sprites/master/sprites/pokemon/back/126.png,https://raw.githubusercontent.com/PokeAPI/sprites/master/sprites/pokemon/back/shiny/126.png,https://raw.githubusercontent.com/PokeAPI/sprites/master/sprites/pokemon/126.png,https://raw.githubusercontent.com/PokeAPI/sprites/master/sprites/pokemon/shiny/126.png
126,pinsir,bug,No Second Type,127,85,70,55,100,125,65,550,175,moxie,mold-breaker,https://raw.githubusercontent.com/PokeAPI/sprites/master/sprites/pokemon/back/127.png,https://raw.githubusercontent.com/PokeAPI/sprites/master/sprites/pokemon/back/shiny/127.png,https://raw.githubusercontent.com/PokeAPI/sprites/master/sprites/pokemon/127.png,https://raw.githubusercontent.com/PokeAPI/sprites/master/sprites/pokemon/shiny/127.png
127,tauros,normal,No Second Type,128,110,70,40,95,100,75,884,172,sheer-force,anger-point,https://raw.githubusercontent.com/PokeAPI/sprites/master/sprites/pokemon/back/128.png,https://raw.githubusercontent.com/PokeAPI/sprites/master/sprites/pokemon/back/shiny/128.png,https://raw.githubusercontent.com/PokeAPI/sprites/master/sprites/pokemon/128.png,https://raw.githubusercontent.com/PokeAPI/sprites/master/sprites/pokemon/shiny/128.png
128,magikarp,water,No Second Type,129,80,20,15,55,10,20,100,40,rattled,swift-swim,https://raw.githubusercontent.com/PokeAPI/sprites/master/sprites/pokemon/back/129.png,https://raw.githubusercontent.com/PokeAPI/sprites/master/sprites/pokemon/back/shiny/129.png,https://raw.githubusercontent.com/PokeAPI/sprites/master/sprites/pokemon/129.png,https://raw.githubusercontent.com/PokeAPI/sprites/master/sprites/pokemon/shiny/129.png
129,gyarados,flying,water,130,81,100,60,79,125,95,2350,189,moxie,intimidate,https://raw.githubusercontent.com/PokeAPI/sprites/master/sprites/pokemon/back/130.png,https://raw.githubusercontent.com/PokeAPI/sprites/master/sprites/pokemon/back/shiny/130.png,https://raw.githubusercontent.com/PokeAPI/sprites/master/sprites/pokemon/130.png,https://raw.githubusercontent.com/PokeAPI/sprites/master/sprites/pokemon/shiny/130.png
130,lapras,ice,water,131,60,95,85,80,85,130,2200,187,hydration,shell-armor,https://raw.githubusercontent.com/PokeAPI/sprites/master/sprites/pokemon/back/131.png,https://raw.githubusercontent.com/PokeAPI/sprites/master/sprites/pokemon/back/shiny/131.png,https://raw.githubusercontent.com/PokeAPI/sprites/master/sprites/pokemon/131.png,https://raw.githubusercontent.com/PokeAPI/sprites/master/sprites/pokemon/shiny/131.png
131,ditto,normal,No Second Type,132,48,48,48,48,48,48,40,101,imposter,limber,https://raw.githubusercontent.com/PokeAPI/sprites/master/sprites/pokemon/back/132.png,https://raw.githubusercontent.com/PokeAPI/sprites/master/sprites/pokemon/back/shiny/132.png,https://raw.githubusercontent.com/PokeAPI/sprites/master/sprites/pokemon/132.png,https://raw.githubusercontent.com/PokeAPI/sprites/master/sprites/pokemon/shiny/132.png
132,eevee,normal,No Second Type,133,55,65,45,50,55,55,65,65,anticipation,adaptability,https://raw.githubusercontent.com/PokeAPI/sprites/master/sprites/pokemon/back/133.png,https://raw.githubusercontent.com/PokeAPI/sprites/master/sprites/pokemon/back/shiny/133.png,https://raw.githubusercontent.com/PokeAPI/sprites/master/sprites/pokemon/133.png,https://raw.githubusercontent.com/PokeAPI/sprites/master/sprites/pokemon/shiny/133.png
133,vaporeon,water,No Second Type,134,65,95,110,60,65,130,290,184,hydration,water-absorb,https://raw.githubusercontent.com/PokeAPI/sprites/master/sprites/pokemon/back/134.png,https://raw.githubusercontent.com/PokeAPI/sprites/master/sprites/pokemon/back/shiny/134.png,https://raw.githubusercontent.com/PokeAPI/sprites/master/sprites/pokemon/134.png,https://raw.githubusercontent.com/PokeAPI/sprites/master/sprites/pokemon/shiny/134.png
134,jolteon,electric,No Second Type,135,130,95,110,60,65,65,245,184,quick-feet,volt-absorb,https://raw.githubusercontent.com/PokeAPI/sprites/master/sprites/pokemon/back/135.png,https://raw.githubusercontent.com/PokeAPI/sprites/master/sprites/pokemon/back/shiny/135.png,https://raw.githubusercontent.com/PokeAPI/sprites/master/sprites/pokemon/135.png,https://raw.githubusercontent.com/PokeAPI/sprites/master/sprites/pokemon/shiny/135.png
135,flareon,fire,No Second Type,136,65,110,95,60,130,65,250,184,guts,flash-fire,https://raw.githubusercontent.com/PokeAPI/sprites/master/sprites/pokemon/back/136.png,https://raw.githubusercontent.com/PokeAPI/sprites/master/sprites/pokemon/back/shiny/136.png,https://raw.githubusercontent.com/PokeAPI/sprites/master/sprites/pokemon/136.png,https://raw.githubusercontent.com/PokeAPI/sprites/master/sprites/pokemon/shiny/136.png
136,porygon,normal,No Second Type,137,40,75,85,70,60,65,365,79,analytic,download,https://raw.githubusercontent.com/PokeAPI/sprites/master/sprites/pokemon/back/137.png,https://raw.githubusercontent.com/PokeAPI/sprites/master/sprites/pokemon/back/shiny/137.png,https://raw.githubusercontent.com/PokeAPI/sprites/master/sprites/pokemon/137.png,https://raw.githubusercontent.com/PokeAPI/sprites/master/sprites/pokemon/shiny/137.png
137,omanyte,water,rock,138,35,55,90,100,40,35,75,71,weak-armor,shell-armor,https://raw.githubusercontent.com/PokeAPI/sprites/master/sprites/pokemon/back/138.png,https://raw.githubusercontent.com/PokeAPI/sprites/master/sprites/pokemon/back/shiny/138.png,https://raw.githubusercontent.com/PokeAPI/sprites/master/sprites/pokemon/138.png,https://raw.githubusercontent.com/PokeAPI/sprites/master/sprites/pokemon/shiny/138.png
138,omastar,water,rock,139,55,70,115,125,60,70,350,173,weak-armor,shell-armor,https://raw.githubusercontent.com/PokeAPI/sprites/master/sprites/pokemon/back/139.png,https://raw.githubusercontent.com/PokeAPI/sprites/master/sprites/pokemon/back/shiny/139.png,https://raw.githubusercontent.com/PokeAPI/sprites/master/sprites/pokemon/139.png,https://raw.githubusercontent.com/PokeAPI/sprites/master/sprites/pokemon/shiny/139.png
139,kabuto,water,rock,140,55,45,55,90,80,30,115,71,weak-armor,battle-armor,https://raw.githubusercontent.com/PokeAPI/sprites/master/sprites/pokemon/back/140.png,https://raw.githubusercontent.com/PokeAPI/sprites/master/sprites/pokemon/back/shiny/140.png,https://raw.githubusercontent.com/PokeAPI/sprites/master/sprites/pokemon/140.png,https://raw.githubusercontent.com/PokeAPI/sprites/master/sprites/pokemon/shiny/140.png
140,kabutops,water,rock,141,80,70,65,105,115,60,405,173,weak-armor,battle-armor,https://raw.githubusercontent.com/PokeAPI/sprites/master/sprites/pokemon/back/141.png,https://raw.githubusercontent.com/PokeAPI/sprites/master/sprites/pokemon/back/shiny/141.png,https://raw.githubusercontent.com/PokeAPI/sprites/master/sprites/pokemon/141.png,https://raw.githubusercontent.com/PokeAPI/sprites/master/sprites/pokemon/shiny/141.png
141,aerodactyl,flying,rock,142,130,75,60,65,105,80,590,180,unnerve,pressure,https://raw.githubusercontent.com/PokeAPI/sprites/master/sprites/pokemon/back/142.png,https://raw.githubusercontent.com/PokeAPI/sprites/master/sprites/pokemon/back/shiny/142.png,https://raw.githubusercontent.com/PokeAPI/sprites/master/sprites/pokemon/142.png,https://raw.githubusercontent.com/PokeAPI/sprites/master/sprites/pokemon/shiny/142.png
142,snorlax,normal,No Second Type,143,30,110,65,65,110,160,4600,189,gluttony,thick-fat,https://raw.githubusercontent.com/PokeAPI/sprites/master/sprites/pokemon/back/143.png,https://raw.githubusercontent.com/PokeAPI/sprites/master/sprites/pokemon/back/shiny/143.png,https://raw.githubusercontent.com/PokeAPI/sprites/master/sprites/pokemon/143.png,https://raw.githubusercontent.com/PokeAPI/sprites/master/sprites/pokemon/shiny/143.png
143,articuno,flying,ice,144,85,125,95,100,85,90,554,261,snow-cloak,pressure,https://raw.githubusercontent.com/PokeAPI/sprites/master/sprites/pokemon/back/144.png,https://raw.githubusercontent.com/PokeAPI/sprites/master/sprites/pokemon/back/shiny/144.png,https://raw.githubusercontent.com/PokeAPI/sprites/master/sprites/pokemon/144.png,https://raw.githubusercontent.com/PokeAPI/sprites/master/sprites/pokemon/shiny/144.png
144,zapdos,flying,electric,145,100,90,125,85,90,90,526,261,static,pressure,https://raw.githubusercontent.com/PokeAPI/sprites/master/sprites/pokemon/back/145.png,https://raw.githubusercontent.com/PokeAPI/sprites/master/sprites/pokemon/back/shiny/145.png,https://raw.githubusercontent.com/PokeAPI/sprites/master/sprites/pokemon/145.png,https://raw.githubusercontent.com/PokeAPI/sprites/master/sprites/pokemon/shiny/145.png
145,moltres,flying,fire,146,90,85,125,90,100,90,600,261,flame-body,pressure,https://raw.githubusercontent.com/PokeAPI/sprites/master/sprites/pokemon/back/146.png,https://raw.githubusercontent.com/PokeAPI/sprites/master/sprites/pokemon/back/shiny/146.png,https://raw.githubusercontent.com/PokeAPI/sprites/master/sprites/pokemon/146.png,https://raw.githubusercontent.com/PokeAPI/sprites/master/sprites/pokemon/shiny/146.png
146,dratini,dragon,No Second Type,147,50,50,50,45,64,41,33,60,marvel-scale,shed-skin,https://raw.githubusercontent.com/PokeAPI/sprites/master/sprites/pokemon/back/147.png,https://raw.githubusercontent.com/PokeAPI/sprites/master/sprites/pokemon/back/shiny/147.png,https://raw.githubusercontent.com/PokeAPI/sprites/master/sprites/pokemon/147.png,https://raw.githubusercontent.com/PokeAPI/sprites/master/sprites/pokemon/shiny/147.png
147,dragonair,dragon,No Second Type,148,70,70,70,65,84,61,165,147,marvel-scale,shed-skin,https://raw.githubusercontent.com/PokeAPI/sprites/master/sprites/pokemon/back/148.png,https://raw.githubusercontent.com/PokeAPI/sprites/master/sprites/pokemon/back/shiny/148.png,https://raw.githubusercontent.com/PokeAPI/sprites/master/sprites/pokemon/148.png,https://raw.githubusercontent.com/PokeAPI/sprites/master/sprites/pokemon/shiny/148.png
148,dragonite,flying,dragon,149,80,100,100,95,134,91,2100,270,multiscale,inner-focus,https://raw.githubusercontent.com/PokeAPI/sprites/master/sprites/pokemon/back/149.png,https://raw.githubusercontent.com/PokeAPI/sprites/master/sprites/pokemon/back/shiny/149.png,https://raw.githubusercontent.com/PokeAPI/sprites/master/sprites/pokemon/149.png,https://raw.githubusercontent.com/PokeAPI/sprites/master/sprites/pokemon/shiny/149.png
149,mewtwo,psychic,No Second Type,150,130,90,154,90,110,106,1220,306,unnerve,pressure,https://raw.githubusercontent.com/PokeAPI/sprites/master/sprites/pokemon/back/150.png,https://raw.githubusercontent.com/PokeAPI/sprites/master/sprites/pokemon/back/shiny/150.png,https://raw.githubusercontent.com/PokeAPI/sprites/master/sprites/pokemon/150.png,https://raw.githubusercontent.com/PokeAPI/sprites/master/sprites/pokemon/shiny/150.png
150,mew,psychic,No Second Type,151,100,100,100,100,100,100,40,270,synchronize,No Second Ability,https://raw.githubusercontent.com/PokeAPI/sprites/master/sprites/pokemon/back/151.png,https://raw.githubusercontent.com/PokeAPI/sprites/master/sprites/pokemon/back/shiny/151.png,https://raw.githubusercontent.com/PokeAPI/sprites/master/sprites/pokemon/151.png,https://raw.githubusercontent.com/PokeAPI/sprites/master/sprites/pokemon/shiny/151.png
